{
    "type": "AdaptiveCard",
    "body": [               
        {
            "type": "TextBlock",
            "text": "Select your state",
            "wrap": true
        }           
    ],
    "actions": [        
        {
            "type": "Action.ShowCard",
            "title": "Please select your state",
            "card": {
                "type": "AdaptiveCard",
                "body": [
                    {
                    "type": "ActionSet",
                    "actions": [
                        
                        {
                            "type": "Action.Submit",
                            "title": "California",
                            "data":"California"
                            
                        },
                        {
                            "type": "Action.Submit",
                            "title": "Novi",
                            "data":"Novi"
                        },
                        {
                            "type": "Action.Submit",
                            "title": "Texas",
                            "data":"Texas"
                        },
                        {
                            "type": "Action.Submit",
                            "title": "Florida",
                            "data":"Florida"
                        },
                        {
                            "type": "Action.Submit",
                            "title": "New Jersey",
                            "data":"New Jersey"
                        }
        
                    ]
                }
                    
                    
                ],
                
                "$schema": "http://adaptivecards.io/schemas/adaptive-card.json"
            }
        }
        
       
    ],
    "$schema": "http://adaptivecards.io/schemas/adaptive-card.json",
    "version": "1.0"
}