{
    "$schema": "http://adaptivecards.io/schemas/adaptive-card.json",
    "type": "AdaptiveCard",
    "version": "1.0",
    "body": [
      {
        "type": "TextBlock",
        "text": "Are you experiencing any of the following symptoms?.",
        "wrap": true,
        "size": "medium",
        "weight": "default",
        "maxLines": 2
      },
      {
        "type": "Input.ChoiceSet",
        "id": "Category",
        "style": "compact",
        "placeholder": "Click Here",
        "isMultiSelect": true,
        "value": "1",
        "choices": [                                                                                    
          {
            "title": "Sore Throat",
            "value": "Sore Throat"
          },
          {
            "title": "Runny Nose",
            "value": "Runny Nose"
          },
          {
            "title": "Dry Cough",
            "value": "Dry Cough"
          },
          {
            "title": "Fever",
            "value": "Fever"
          },
          {
            "title": "Shortness of Breath",
            "value": "Shortness of Breath"
          },
          {
            "title": "Vomiting/Diarrhea",
            "value": "Vomiting/Diarrhea"
          },
          {
            "title": "None",
            "value": "None"
          }
         
        ]
      }     
    ],
    "actions": [
      {
        "type": "Action.Submit",
        "title": "Submit"  
      }
    ]
  }